{
  "version": 1,
  "author": "Manikandan",
  "editor": "wokwi",
  "parts": [
    { "type": "wokwi-esp32-devkit-v1", "id": "esp", "top": -43.33, "left": -144, "attrs": {} },
    {
      "type": "wokwi-hc-sr04",
      "id": "ultrasonic1",
      "top": -76.9,
      "left": 10.83,
      "attrs": { "distance": "96" }
    },
    {
      "type": "wokwi-led",
      "id": "led1",
      "top": 57.76,
      "left": 156.83,
      "attrs": { "color": "red" }
    },
    {
      "type": "wokwi-resistor",
      "id": "r1",
      "top": 135.77,
      "left": 66.83,
      "attrs": { "value": "1000" }
    }
  ],
  "connections": [
    [ "esp:TX0", "$serialMonitor:RX", "", [] ],
    [ "esp:RX0", "$serialMonitor:TX", "", [] ],
    [ "ultrasonic1:VCC", "esp:VIN", "red", [ "v0" ] ],
    [ "esp:D14", "esp:D12", "green", [ "h0" ] ],
    [
      "ultrasonic1:ECHO",
      "esp:D18",
      "magenta",
      [ "v32.12", "h1.03", "v-2.95", "h-123.81", "v-6.88" ]
    ],
    [ "ultrasonic1:TRIG", "esp:D5", "yellow", [ "v29.17", "h-0.9" ] ],
    [ "ultrasonic1:GND", "led1:C", "black", [ "v0" ] ],
    [ "ultrasonic1:GND", "esp:GND.2", "black", [ "v0" ] ],
    [ "r1:2", "esp:D12", "gold", [ "v54.15", "h-293.1", "v-107.28" ] ],
    [ "led1:A", "r1:1", "purple", [ "v75.61", "h-139.97" ] ]
  ]
}